Name,Sex,h1,h2,h3,
m,X,X,X,n1,
f,X,X,X,n2,
m,X,X, ,n3,
m,X,X,X,n917,
m,X,X, ,n5,
f,X, ,X,n6,
m,X,X,X,n7,
f,X, ,X,n8,
m,X,X,X,n9,
f,X,X,X,n10,
m,X,X,X,n851,
f,X,X,X,n12,
f,X,X,X,n658,
f,X,X, ,n14,
m,X, ,X,n15,
m,X,X,X,n773,
m,X, ,X,n17,
f,X,X,X,n18,
m,X,X,X,n19,
f,X,X, ,n20,
m,X,X,X,n21,
f,X,X,X,n22,
m,X,X, ,n23,
f,X,X, ,n976,
f,X, ,X,n144,
m,X, ,X,n517,
m,X, ,X,n27,
f,X,X,X,n28,
m,X,X,X,n29,
f,X,X,X,n30,
f,X,X,X,n38,
f,X, ,X,n32,
f,X,X,X,n654,
f,X,X,X,n34,
m,X,X, ,n35,
f,X, ,X,n36,
m,X, ,X,n37,
m,X, ,X,n31,
m,X,X,X,n39,
f,X,X,X,n40,
m,X,X,X,n967,
f,X,X, ,n42,
m,X,X,X,n43,
f,X,X,X,n44,
m,X,X, ,n45,
f,X,X, ,n46,
m,X, ,X,n729,
f,X,X, ,n108,
m,X,X,X,n49,
f,X,X,X,n50,
m,X,X, ,n51,
f,X,X,X,n52,
m,X,X, ,n53,
f,X,X,X,n54,
m,X,X, ,n949,
f,X, ,X,n56,
m,X,X,X,n57,
f,X, ,X,n16,
m,X, ,X,n59,
f,X,X,X,n878,
m,X,X,X,n61,
m,X,X,X,n505,
m,X, ,X,n63,
m,X, ,X,n847,
m,X,X,X,n65,
f,X,X,X,n66,
m,X,X, ,n657,
f,X,X, ,n68,
m,X, ,X,n69,
f,X, ,X,n70,
m,X,X,X,n71,
f,X,X,X,n72,
m,X, ,X,n999,
f,X,X, ,n74,
m,X, ,X,n75,
f,X,X, ,n76,
f,X,X, ,n64,
f,X,X,X,n804,
m,X,X,X,n79,
f,X,X,X,n80,
f,X,X,X,n132,
f,X,X,X,n82,
m,X,X, ,n83,
f,X,X,X,n84,
m,X,X,X,n85,
f,X,X,X,n86,
m,X,X,X,n87,
f,X, ,X,n88,
m,X,X, ,n89,
f,X, ,X,n90,
m,X,X,X,n91,
f,X,X,X,n92,
m,X, ,X,n93,
f,X,X, ,n608,
m,X,X,X,n95,
f,X, ,X,n96,
m,X,X, ,n97,
f,X,X,X,n98,
m,X, ,X,n99,
f,X,X,X,n100,
m,X,X,X,n101,
m,X,X, ,n369,
m,X, ,X,n103,
f,X,X, ,n104,
m,X,X,X,n105,
f,X, ,X,n106,
m,X,X,X,n107,
f,X,X, ,n332,
m,X,X,X,n109,
f,X,X, ,n110,
m,X,X,X,n111,
f,X,X,X,n112,
m,X,X, ,n957,
f,X, ,X,n114,
m,X,X,X,n115,
f,X,X, ,n116,
m,X,X,X,n361,
f,X, ,X,n118,
m,X,X,X,n119,
f,X,X, ,n120,
m,X,X,X,n121,
f,X,X, ,n122,
m,X,X,X,n123,
f,X,X, ,n124,
m,X, ,X,n125,
f,X, ,X,n126,
m,X,X,X,n127,
f,X,X, ,n128,
m,X,X,X,n129,
f,X,X,X,n130,
m,X,X,X,n131,
m,X,X,X,n81,
m,X,X, ,n133,
f,X,X, ,n134,
m,X,X, ,n135,
f,X, ,X,n136,
m,X,X,X,n137,
f,X,X,X,n138,
f,X,X, ,n778,
f,X,X, ,n140,
m,X,X,X,n141,
f,X,X,X,n142,
m,X,X,X,n143,
f,X,X,X,n422,
m,X,X,X,n145,
f,X,X,X,n146,
m,X,X, ,n147,
f,X, ,X,n148,
m,X, ,X,n149,
f,X,X, ,n150,
m,X,X,X,n503,
m,X,X, ,n471,
m,X,X,X,n153,
f,X,X, ,n154,
m,X,X,X,n155,
f,X,X,X,n390,
m,X, ,X,n157,
f,X,X,X,n158,
m,X,X,X,n159,
f,X,X, ,n160,
m,X, ,X,n161,
f,X, ,X,n162,
m,X,X,X,n163,
f,X,X,X,n164,
m,X,X, ,n165,
f,X, ,X,n166,
m,X, ,X,n167,
f,X,X,X,n168,
m,X,X, ,n169,
f,X,X,X,n170,
m,X,X,X,n171,
f,X,X,X,n172,
m,X, ,X,n173,
f,X,X,X,n174,
m,X,X,X,n175,
m,X,X,X,n439,
m,X,X,X,n177,
f,X, ,X,n178,
m,X,X, ,n179,
f,X, ,X,n180,
m,X, ,X,n181,
f,X,X, ,n182,
m,X,X, ,n183,
f,X,X,X,n786,
m,X,X,X,n185,
f,X,X, ,n176,
m,X, ,X,n187,
m,X,X,X,n509,
m,X,X,X,n189,
f,X,X, ,n190,
m,X, ,X,n191,
f,X,X, ,n192,
m,X, ,X,n193,
f,X,X,X,n194,
m,X,X,X,n549,
f,X,X,X,n196,
m,X,X,X,n197,
f,X,X, ,n198,
m,X, ,X,n199,
m,X,X,X,n877,
m,X,X,X,n201,
f,X,X,X,n202,
m,X,X, ,n203,
f,X,X,X,n204,
m,X,X,X,n205,
f,X, ,X,n206,
m,X,X,X,n207,
f,X,X, ,n208,
m,X, ,X,n209,
f,X,X, ,n210,
m,X,X, ,n211,
f,X, ,X,n212,
m,X,X,X,n213,
f,X,X,X,n214,
m,X,X,X,n215,
f,X,X,X,n216,
m,X, ,X,n217,
f,X,X,X,n218,
m,X, ,X,n219,
f,X,X, ,n220,
m,X,X, ,n221,
f,X, ,X,n222,
m,X,X, ,n223,
m,X,X,X,n255,
m,X,X, ,n225,
f,X,X, ,n952,
m,X,X,X,n227,
f,X, ,X,n228,
m,X,X, ,n229,
f,X,X,X,n230,
m,X,X, ,n231,
f,X,X,X,n574,
m,X,X, ,n233,
f,X,X,X,n234,
m,X, ,X,n235,
f,X,X,X,n236,
m,X,X,X,n237,
f,X,X, ,n238,
m,X, ,X,n239,
f,X, ,X,n240,
m,X, ,X,n241,
f,X,X,X,n392,
m,X,X,X,n243,
f,X, ,X,n244,
m,X,X, ,n245,
f,X,X,X,n246,
m,X, ,X,n247,
f,X, ,X,n248,
m,X,X,X,n249,
f,X, ,X,n250,
m,X, ,X,n251,
f,X,X,X,n252,
m,X,X, ,n253,
f,X, ,X,n254,
f,X,X,X,n224,
f,X,X, ,n256,
m,X,X,X,n257,
f,X, ,X,n258,
m,X,X,X,n259,
f,X,X,X,n260,
m,X,X,X,n261,
f,X, ,X,n262,
f,X,X, ,n454,
f,X, ,X,n264,
m,X,X,X,n265,
f,X,X, ,n266,
m,X,X,X,n267,
f,X,X,X,n268,
m,X, ,X,n269,
f,X,X,X,n270,
m,X,X,X,n271,
m,X,X,X,n151,
m,X,X, ,n273,
f,X,X,X,n274,
m,X, ,X,n275,
f,X, ,X,n276,
m,X,X, ,n277,
f,X,X,X,n278,
m,X,X,X,n279,
f,X,X,X,n280,
m,X,X,X,n281,
f,X,X,X,n282,
m,X,X,X,n283,
f,X,X,X,n284,
m,X,X, ,n285,
f,X,X,X,n286,
m,X,X,X,n287,
f,X,X,X,n288,
f,X,X,X,n1010,
f,X, ,X,n290,
m,X, ,X,n291,
f,X,X,X,n292,
m,X,X,X,n293,
f,X,X, ,n294,
m,X,X,X,n295,
f,X, ,X,n296,
m,X,X,X,n297,
f,X, ,X,n298,
m,X,X, ,n299,
f,X,X, ,n300,
m,X,X,X,n301,
f,X,X,X,n302,
m,X,X,X,n555,
f,X,X,X,n304,
m,X,X,X,n305,
f,X,X, ,n306,
f,X,X, ,n1000,
f,X, ,X,n308,
m,X,X,X,n309,
f,X,X,X,n310,
m,X, ,X,n311,
f,X, ,X,n312,
m,X,X,X,n551,
f,X,X,X,n314,
m,X, ,X,n315,
f,X, ,X,n316,
m,X,X,X,n317,
f,X,X,X,n318,
m,X, ,X,n319,
f,X,X, ,n320,
m,X,X,X,n321,
f,X,X,X,n322,
m,X,X,X,n323,
f,X,X,X,n324,
m,X,X,X,n937,
f,X,X,X,n326,
m,X,X,X,n327,
f,X,X,X,n328,
m,X, ,X,n329,
f,X,X,X,n330,
m,X,X, ,n331,
f,X,X, ,n864,
m,X, ,X,n333,
f,X,X,X,n334,
m,X,X,X,n335,
f,X,X,X,n336,
m,X, ,X,n337,
f,X,X, ,n338,
m,X,X,X,n339,
f,X,X,X,n340,
m,X,X,X,n341,
f,X,X,X,n342,
m,X,X,X,n343,
f,X,X, ,n344,
m,X,X,X,n345,
f,X,X,X,n346,
f,X,X, ,n820,
f,X,X,X,n348,
f,X,X, ,n766,
f,X,X, ,n350,
m,X,X, ,n351,
f,X,X,X,n352,
m,X,X,X,n353,
m,X,X,X,n1011,
m,X,X,X,n355,
f,X, ,X,n356,
f,X,X,X,n806,
f,X, ,X,n358,
m,X,X, ,n359,
f,X,X,X,n360,
f,X,X,X,n524,
f,X, ,X,n362,
m,X,X,X,n363,
f,X,X, ,n856,
m,X,X,X,n365,
f,X,X,X,n366,
m,X, ,X,n367,
f,X,X,X,n368,
f,X, ,X,n102,
f,X,X,X,n370,
m,X,X,X,n371,
f,X,X, ,n372,
m,X,X,X,n373,
f,X,X,X,n374,
m,X, ,X,n375,
f,X, ,X,n376,
m,X, ,X,n377,
f,X,X,X,n378,
m,X,X, ,n895,
f,X,X, ,n380,
m,X,X,X,n381,
f,X,X, ,n382,
m,X,X,X,n383,
f,X,X,X,n384,
m,X, ,X,n385,
f,X,X, ,n386,
m,X,X,X,n387,
f,X, ,X,n388,
m,X,X, ,n389,
f,X,X,X,n156,
m,X,X, ,n391,
f,X,X,X,n242,
m,X,X,X,n393,
f,X,X,X,n394,
m,X,X, ,n395,
f,X,X,X,n396,
m,X,X, ,n397,
f,X,X, ,n398,
m,X,X,X,n399,
f,X,X, ,n400,
m,X,X,X,n401,
f,X,X, ,n402,
m,X,X, ,n403,
f,X, ,X,n404,
m,X, ,X,n405,
f,X,X, ,n406,
f,X, ,X,n514,
f,X, ,X,n950,
m,X, ,X,n409,
f,X,X,X,n410,
m,X, ,X,n411,
f,X,X,X,n412,
m,X,X, ,n413,
f,X, ,X,n414,
m,X,X,X,n415,
f,X,X,X,n416,
m,X,X,X,n417,
f,X,X,X,n418,
m,X,X,X,n419,
f,X, ,X,n420,
m,X,X, ,n421,
m,X, ,X,n25,
m,X,X, ,n423,
f,X,X, ,n424,
m,X,X,X,n923,
f,X,X,X,n426,
m,X,X,X,n427,
f,X,X,X,n428,
m,X,X,X,n429,
f,X,X,X,n430,
m,X,X,X,n431,
f,X, ,X,n432,
m,X, ,X,n433,
f,X,X,X,n434,
m,X,X, ,n435,
f,X, ,X,n436,
m,X,X,X,n437,
f,X,X,X,n438,
f,X,X,X,n186,
f,X,X, ,n440,
m,X, ,X,n441,
f,X,X,X,n442,
m,X,X, ,n647,
f,X, ,X,n444,
m,X,X, ,n445,
f,X,X,X,n776,
m,X,X, ,n447,
f,X,X,X,n448,
m,X,X,X,n449,
f,X,X, ,n450,
m,X,X,X,n451,
f,X,X,X,n452,
f,X,X,X,n602,
m,X, ,X,n263,
m,X,X, ,n455,
f,X,X, ,n456,
m,X,X,X,n457,
m,X,X,X,n707,
m,X,X,X,n459,
f,X, ,X,n460,
m,X,X,X,n461,
f,X, ,X,n462,
f,X,X,X,n928,
f,X, ,X,n464,
f,X,X,X,n568,
f,X,X,X,n466,
m,X, ,X,n467,
f,X,X,X,n468,
m,X,X,X,n469,
f,X,X,X,n470,
f,X,X, ,n152,
f,X,X,X,n472,
m,X,X, ,n473,
f,X,X, ,n474,
m,X,X,X,n475,
f,X, ,X,n476,
m,X,X, ,n477,
f,X,X,X,n478,
m,X,X, ,n479,
f,X,X,X,n480,
m,X, ,X,n481,
f,X,X,X,n482,
m,X,X, ,n483,
f,X,X, ,n484,
m,X,X, ,n485,
f,X,X,X,n486,
m,X,X,X,n487,
f,X,X, ,n880,
m,X,X, ,n489,
f,X,X,X,n490,
m,X,X,X,n897,
f,X,X,X,n492,
m,X, ,X,n493,
f,X,X,X,n494,
m,X,X,X,n495,
f,X,X,X,n496,
m,X,X,X,n497,
f,X,X,X,n498,
m,X,X,X,n499,
f,X,X,X,n500,
m,X,X, ,n501,
f,X, ,X,n502,
f,X,X,X,n272,
f,X,X,X,n504,
f,X,X,X,n62,
f,X, ,X,n506,
m,X, ,X,n507,
f,X,X, ,n508,
f,X,X,X,n188,
f,X,X,X,n510,
m,X,X,X,n511,
f,X,X,X,n512,
m,X,X,X,n513,
m,X,X,X,n407,
m,X,X,X,n515,
f,X,X,X,n516,
f,X,X, ,n26,
f,X, ,X,n518,
m,X,X,X,n519,
f,X,X,X,n848,
m,X,X,X,n521,
f,X,X,X,n522,
m,X,X,X,n523,
m,X,X,X,n117,
m,X,X, ,n525,
f,X, ,X,n526,
m,X,X,X,n527,
f,X,X,X,n528,
m,X,X, ,n529,
f,X,X, ,n530,
m,X,X,X,n531,
f,X,X, ,n532,
m,X, ,X,n533,
f,X,X,X,n534,
m,X,X,X,n535,
f,X,X,X,n536,
m,X, ,X,n537,
m,X, ,X,n925,
m,X, ,X,n539,
f,X,X,X,n540,
m,X,X,X,n787,
f,X,X,X,n542,
m,X, ,X,n543,
f,X, ,X,n544,
m,X,X,X,n801,
f,X,X, ,n546,
m,X,X, ,n547,
f,X,X,X,n548,
m,X,X, ,n195,
f,X,X,X,n550,
m,X, ,X,n313,
f,X, ,X,n552,
m,X,X,X,n553,
f,X, ,X,n554,
m,X,X, ,n303,
f,X,X, ,n556,
m,X, ,X,n557,
f,X,X,X,n558,
m,X,X, ,n559,
f,X,X,X,n560,
m,X,X,X,n561,
f,X,X,X,n562,
m,X, ,X,n563,
f,X,X, ,n564,
m,X,X,X,n565,
f,X,X, ,n566,
m,X,X, ,n567,
m,X,X,X,n465,
m,X, ,X,n569,
f,X,X, ,n570,
m,X,X, ,n571,
f,X,X,X,n572,
m,X,X,X,n573,
f,X, ,X,n232,
m,X,X,X,n575,
f,X, ,X,n576,
m,X,X,X,n577,
f,X,X,X,n578,
m,X,X,X,n579,
f,X, ,X,n580,
m,X,X, ,n581,
f,X,X,X,n582,
m,X,X,X,n583,
f,X,X,X,n584,
m,X,X,X,n585,
f,X,X,X,n586,
m,X,X, ,n1019,
f,X, ,X,n588,
m,X,X,X,n589,
f,X, ,X,n590,
m,X, ,X,n741,
f,X,X,X,n592,
m,X,X,X,n593,
f,X,X, ,n866,
f,X, ,X,n974,
f,X,X,X,n596,
m,X,X, ,n597,
f,X,X,X,n598,
m,X,X, ,n599,
f,X, ,X,n600,
m,X,X,X,n601,
m,X, ,X,n453,
m,X,X,X,n603,
f,X,X,X,n604,
m,X,X, ,n605,
f,X,X, ,n606,
m,X,X, ,n607,
f,X,X, ,n94,
m,X,X,X,n609,
f,X,X,X,n610,
m,X,X,X,n611,
f,X,X,X,n612,
m,X,X, ,n613,
f,X,X,X,n614,
m,X,X,X,n615,
f,X,X,X,n616,
m,X,X,X,n617,
f,X,X, ,n618,
m,X,X,X,n619,
f,X,X,X,n620,
m,X, ,X,n621,
f,X,X,X,n622,
m,X,X,X,n623,
m,X,X,X,n13,
m,X,X,X,n625,
m,X,X,X,n633,
m,X, ,X,n627,
f,X, ,X,n628,
m,X,X,X,n629,
f,X,X,X,n630,
m,X, ,X,n631,
f,X,X,X,n632,
f,X,X,X,n626,
f,X,X,X,n634,
m,X,X, ,n635,
f,X,X,X,n636,
m,X,X,X,n961,
f,X,X,X,n638,
m,X,X,X,n639,
m,X,X,X,n47,
m,X,X,X,n641,
f,X,X,X,n642,
f,X,X,X,n668,
f,X,X, ,n644,
m,X,X,X,n645,
f,X,X,X,n646,
m,X,X,X,n443,
f,X, ,X,n648,
m,X, ,X,n649,
f,X, ,X,n650,
m,X,X,X,n651,
f,X, ,X,n652,
m,X,X, ,n885,
m,X,X,X,n33,
m,X,X,X,n655,
f,X,X, ,n656,
m,X,X,X,n67,
f,X,X,X,n624,
m,X, ,X,n659,
f,X,X,X,n908,
m,X,X, ,n661,
f,X,X,X,n746,
m,X, ,X,n663,
f,X,X,X,n664,
m,X,X,X,n665,
m,X, ,X,n889,
m,X,X,X,n667,
m,X, ,X,n643,
m,X, ,X,n669,
f,X,X, ,n670,
m,X,X,X,n671,
f,X, ,X,n672,
m,X,X,X,n673,
f,X,X, ,n674,
m,X,X, ,n675,
f,X,X,X,n676,
m,X, ,X,n677,
f,X,X,X,n678,
m,X,X, ,n679,
f,X,X,X,n680,
m,X,X,X,n681,
f,X,X,X,n682,
m,X,X,X,n683,
f,X, ,X,n684,
m,X, ,X,n685,
f,X, ,X,n686,
m,X,X,X,n687,
f,X,X,X,n688,
m,X,X, ,n689,
f,X,X, ,n690,
m,X,X,X,n691,
f,X, ,X,n692,
m,X,X,X,n693,
f,X,X,X,n694,
m,X,X,X,n695,
f,X, ,X,n696,
m,X,X, ,n697,
f,X,X,X,n698,
m,X,X, ,n699,
f,X,X,X,n700,
f,X,X, ,n980,
f,X,X,X,n702,
m,X,X, ,n855,
f,X,X,X,n704,
m,X, ,X,n705,
f,X,X,X,n706,
f,X, ,X,n458,
f,X,X, ,n708,
m,X,X, ,n709,
f,X,X,X,n710,
m,X, ,X,n711,
f,X, ,X,n712,
m,X, ,X,n713,
f,X,X, ,n714,
m,X, ,X,n715,
f,X, ,X,n716,
m,X, ,X,n717,
f,X,X, ,n718,
m,X,X,X,n719,
f,X, ,X,n720,
m,X,X,X,n721,
f,X,X, ,n722,
m,X,X, ,n723,
f,X,X,X,n724,
m,X,X, ,n725,
m,X,X, ,n587,
m,X,X, ,n727,
f,X, ,X,n728,
f,X, ,X,n640,
f,X,X, ,n730,
m,X, ,X,n731,
m,X, ,X,n41,
m,X,X,X,n733,
f,X,X, ,n734,
m,X,X,X,n735,
f,X,X,X,n736,
m,X, ,X,n737,
f,X,X,X,n738,
m,X, ,X,n739,
f,X,X,X,n740,
m,X, ,X,n591,
f,X,X, ,n742,
m,X,X,X,n743,
f,X, ,X,n744,
m,X,X, ,n745,
m,X, ,X,n935,
m,X,X,X,n747,
f,X,X, ,n748,
m,X,X,X,n749,
f,X,X,X,n750,
f,X,X,X,n984,
f,X,X,X,n752,
m,X, ,X,n753,
f,X,X, ,n754,
m,X,X, ,n755,
f,X,X,X,n756,
m,X,X, ,n757,
f,X,X, ,n758,
m,X,X,X,n759,
f,X,X, ,n760,
m,X,X,X,n761,
f,X,X, ,n762,
m,X,X, ,n763,
f,X,X,X,n764,
m,X,X,X,n765,
m,X, ,X,n349,
m,X,X,X,n767,
f,X, ,X,n768,
m,X,X,X,n769,
f,X,X,X,n770,
m,X,X,X,n771,
f,X, ,X,n772,
f,X, ,X,n58,
f,X,X,X,n774,
m,X,X, ,n775,
f,X,X,X,n446,
m,X,X,X,n777,
m,X, ,X,n139,
m,X,X,X,n779,
f,X, ,X,n780,
m,X,X, ,n781,
f,X, ,X,n782,
m,X,X,X,n783,
f,X, ,X,n784,
m,X, ,X,n785,
f,X, ,X,n184,
m,X,X, ,n541,
f,X, ,X,n788,
m,X, ,X,n789,
f,X, ,X,n790,
m,X, ,X,n791,
f,X,X, ,n792,
f,X,X, ,n1002,
f,X,X, ,n794,
m,X,X, ,n795,
f,X,X, ,n796,
f,X, ,X,n1018,
f,X,X,X,n834,
m,X, ,X,n799,
f,X,X, ,n800,
m,X,X,X,n545,
f,X, ,X,n802,
m,X,X,X,n803,
f,X,X, ,n78,
m,X,X,X,n805,
m,X,X, ,n357,
m,X,X, ,n807,
f,X, ,X,n910,
m,X, ,X,n809,
f,X, ,X,n810,
m,X, ,X,n811,
f,X,X,X,n812,
m,X, ,X,n813,
f,X, ,X,n814,
m,X,X,X,n815,
f,X, ,X,n816,
m,X,X,X,n817,
f,X,X,X,n818,
m,X,X,X,n819,
m,X, ,X,n347,
m,X,X, ,n821,
f,X,X, ,n822,
m,X, ,X,n823,
f,X,X,X,n824,
m,X,X,X,n825,
f,X,X,X,n826,
m,X,X, ,n827,
f,X,X,X,n828,
m,X,X,X,n829,
f,X, ,X,n830,
m,X,X, ,n831,
f,X,X,X,n832,
m,X, ,X,n833,
f,X, ,X,n798,
m,X,X,X,n835,
f,X, ,X,n836,
m,X,X,X,n837,
f,X,X,X,n838,
m,X,X, ,n839,
f,X,X, ,n840,
m,X, ,X,n841,
f,X,X,X,n842,
m,X,X, ,n843,
f,X,X,X,n844,
m,X,X,X,n845,
f,X,X,X,n846,
m,X,X, ,n879,
f,X,X,X,n520,
m,X, ,X,n849,
f,X, ,X,n850,
m,X,X,X,n11,
f,X,X,X,n852,
m,X, ,X,n853,
f,X,X,X,n854,
m,X,X, ,n703,
f,X,X, ,n364,
m,X,X,X,n857,
f,X,X, ,n858,
m,X, ,X,n859,
f,X, ,X,n860,
m,X,X, ,n861,
f,X,X,X,n862,
m,X, ,X,n863,
f,X,X,X,n48,
m,X,X,X,n951,
f,X,X,X,n594,
m,X,X,X,n867,
f,X,X,X,n868,
m,X,X, ,n869,
f,X,X, ,n870,
m,X,X,X,n871,
f,X,X, ,n872,
m,X,X,X,n873,
f,X,X,X,n874,
m,X,X,X,n307,
f,X,X,X,n876,
f,X,X,X,n200,
f,X,X, ,n60,
m,X,X, ,n77,
f,X,X,X,n488,
m,X,X,X,n881,
f,X, ,X,n882,
m,X, ,X,n883,
f,X,X, ,n884,
m,X,X,X,n653,
f,X, ,X,n886,
m,X, ,X,n887,
f,X,X,X,n888,
f,X,X, ,n666,
f,X,X,X,n890,
m,X,X,X,n891,
f,X,X,X,n892,
m,X,X, ,n893,
f,X,X,X,n894,
m,X, ,X,n379,
f,X,X, ,n1012,
m,X,X, ,n491,
f,X,X,X,n898,
m,X, ,X,n899,
f,X,X,X,n900,
m,X,X, ,n901,
f,X,X, ,n902,
m,X,X,X,n903,
f,X, ,X,n904,
m,X,X,X,n905,
f,X, ,X,n906,
m,X, ,X,n907,
f,X,X,X,n660,
m,X,X,X,n909,
f,X,X, ,n808,
m,X, ,X,n911,
f,X, ,X,n912,
m,X,X,X,n913,
f,X,X, ,n914,
m,X,X,X,n915,
f,X,X,X,n916,
f,X,X,X,n4,
f,X,X, ,n918,
m,X,X,X,n919,
f,X,X, ,n920,
m,X,X,X,n921,
f,X,X,X,n922,
m,X, ,X,n425,
f,X,X,X,n924,
f,X, ,X,n538,
f,X, ,X,n926,
m,X,X,X,n927,
m,X,X, ,n463,
m,X, ,X,n929,
f,X,X,X,n930,
m,X,X, ,n931,
f,X,X, ,n932,
m,X,X,X,n933,
f,X,X,X,n934,
f,X,X,X,n662,
f,X,X,X,n936,
m,X,X, ,n325,
f,X,X,X,n938,
m,X, ,X,n939,
f,X,X,X,n940,
m,X,X, ,n941,
f,X,X,X,n942,
m,X,X,X,n943,
f,X, ,X,n944,
m,X,X, ,n945,
f,X,X,X,n946,
m,X,X,X,n947,
f,X,X,X,n948,
m,X,X, ,n55,
f,X,X,X,n408,
m,X,X,X,n865,
f,X,X,X,n226,
m,X,X,X,n953,
f,X,X, ,n954,
m,X,X,X,n955,
f,X, ,X,n956,
m,X,X,X,n113,
f,X,X,X,n958,
m,X,X, ,n959,
f,X,X,X,n960,
m,X,X,X,n637,
f,X,X,X,n962,
m,X,X,X,n963,
f,X,X,X,n964,
m,X,X, ,n965,
f,X, ,X,n966,
f,X,X,X,n732,
f,X,X,X,n968,
m,X, ,X,n969,
f,X,X,X,n970,
m,X,X,X,n971,
f,X,X,X,n972,
m,X,X,X,n973,
m,X,X,X,n595,
m,X,X,X,n975,
f,X,X,X,n24,
m,X, ,X,n977,
f,X, ,X,n978,
m,X,X, ,n979,
m,X,X, ,n701,
m,X, ,X,n981,
f,X, ,X,n982,
m,X,X,X,n983,
m,X,X,X,n751,
m,X,X, ,n985,
f,X,X,X,n986,
m,X,X,X,n987,
f,X,X, ,n988,
m,X,X,X,n989,
f,X,X,X,n990,
m,X, ,X,n991,
f,X,X, ,n992,
m,X,X,X,n1005,
f,X, ,X,n994,
m,X, ,X,n995,
f,X,X,X,n996,
m,X,X,X,n997,
f,X, ,X,n998,
m,X,X, ,n73,
m,X, ,X,n875,
m,X, ,X,n1001,
m,X,X, ,n793,
m,X, ,X,n1003,
f,X,X,X,n1004,
m,X,X, ,n993,
f,X, ,X,n1006,
m,X,X, ,n1007,
f,X,X,X,n1008,
m,X, ,X,n1009,
m,X,X,X,n289,
f,X, ,X,n354,
f,X, ,X,n896,
m,X,X, ,n1013,
f,X,X,X,n1014,
m,X,X,X,n1015,
f,X,X,X,n1016,
m,X,X,X,n1017,
m,X,X, ,n797,
f,X,X,X,n726,
f,X, ,X,n1020,
m,X,X,X,n1021,
f,X, ,X,n1022,
m,X, ,X,n1023,
f,X,X,X,n1024,
